Site Type,Site Name (Italian),Site Name (English),Modern Municipality,Modern Province,Historical Region,Geographic Coordinates,Elevation (meters),Monastic Affiliation,Person Name,Person Name Variants,Person Gender,Person Title or Role,Site Dedication Subject(s)
Bridges,Il Ponte della Cantera,Cantera Bridge,Bronte,Catania,Val Demone,"37.80408,14.79659",559.0,,Roger II of Hauteville,"Ruggero II d'Altavilla,Ruggero II di Altavilla,Conte di Sicilia, Conte di Calabria, Duca di Puglia, Duca di Calabria, Duca di Sicilia, Re di Sicilia e dell'Italia Meridionale",M,"Duke of Apulia, Calabria and Sicily,King of Sicily and Southern Italy ,Count of Sicily and Calabria, Duke of Apulia, Calabria and Sicily and King of Sicily and Southern Italy ,Becomes Duke of Apulia (and now known as Prince of Salerno as well as Duke of Apulia, Calabria and Sicily),Count of Sicily and Calabria,Invested with Kingdom of Sicily by Pope Innocent II.",
Bridges,Il Ponte dell'Ammiraglio,Admiral's Bridge,Palermo,Palermo,Val di Mazara,"38.10511,13.37501",4.0,,George of Antioch,"Giorgio d'Antiochia,Ammiraglio e Signore di Misilmeri",M,"Admiral,Lord of Misilmeri,Admiral and Lord of Misilmeri",
Churches,La Chiesa di Beata Maria Vergine Assunta,Church of Beata Maria Vergine Assunta,Agrigento,Agrigento,Val di Mazara,"37.31412,13.57596",330.0,,Roger I of Hauteville,"Gran Conte Ruggero,Roger the Great Count,Conte di Sicilia e di Calabria,Ruggero d'Altavilla",M,"Count of Sicily,Count of Sicily and Calabria","the Assumption, St. James and All the Other Apostles"
Churches,La Cappella di San Michele Arcangelo,Chapel of Saint Michael the Archangel,Altofonte,Palermo,Val di Mazara,"38.04529,13.29906",349.0,,Roger II of Hauteville,"Ruggero II d'Altavilla,Ruggero II di Altavilla,Conte di Sicilia, Conte di Calabria, Duca di Puglia, Duca di Calabria, Duca di Sicilia, Re di Sicilia e dell'Italia Meridionale",M,"Duke of Apulia, Calabria and Sicily,King of Sicily and Southern Italy ,Count of Sicily and Calabria, Duke of Apulia, Calabria and Sicily and King of Sicily and Southern Italy ,Becomes Duke of Apulia (and now known as Prince of Salerno as well as Duke of Apulia, Calabria and Sicily),Count of Sicily and Calabria,Invested with Kingdom of Sicily by Pope Innocent II.",Saint Michael
Churches,La Chiesa di San Leone,Church of San Leone,Assoro,Enna,Val di Noto,"37.62822,14.42398",824.0,,William II of Hauteville,"Guglielmo il Buono,William the Good,Guglielmo II di Altavilla,Guglielmo II d'Altavilla,Re di Sicilia",M,King of Sicily,Saint Leo (Pope Leo II?)
Churches,La Chiesa di San Leone,Church of San Leone,Assoro,Enna,Val di Noto,"37.62822,14.42398",824.0,,Constance of Hauteville,"Regina di Sicilia,Costanza d'Altavilla,Costanza di Altavilla",F,"Empress of the Holy Roman Empire,Queen of Sicily,Queen of Germany",Saint Leo (Pope Leo II?)
Churches,La Chiesa di Sant'Ippolito,Church of Saint Hippolytus,Butera,Caltanissetta,Val di Noto,"37.19100,14.18232",402.0,,Simon,"Simone,Conte di Butera, Conte di Policastro, Conte di Paternò e Signore di Cerami",M,"Count of Policastro,Count of Paternò,Lord of Cerami,Count of Butera, Count of Policastro, Count of Paternò and Lord of Cerami,Count of Butera",Saint Hippolytus
Churches,La Chiesa di San Giorgio,Church of Saint George,Caltabellotta,Agrigento,Val di Mazara,"37.57916,13.21861",844.0,,Roger I of Hauteville,"Gran Conte Ruggero,Roger the Great Count,Conte di Sicilia e di Calabria,Ruggero d'Altavilla",M,"Count of Sicily,Count of Sicily and Calabria",Saint George
Churches,La Chiesa di San Giacomo,Church of Saint James,Caltagirone,Catania,Val Demone,"37.23773,14.50931",548.0,,Roger I of Hauteville,"Gran Conte Ruggero,Roger the Great Count,Conte di Sicilia e di Calabria,Ruggero d'Altavilla",M,"Count of Sicily,Count of Sicily and Calabria",Saint James the Great
Churches,La Chiesa di Santa Maria ,Church of Saint Mary,Cammarata,Agrigento,Val di Mazara,"37.63033,13.63001",682.0,,Lucy of Cammarata,Lucia di Cammarata,F,,the Virgin Mary
Churches,La Chiesa di San Lorenzo,Church of Saint Lawrence,Carini,Palermo,Val di Mazara,"38.13351,13.18431",153.0,,Richard Bonell,"Richard Bonellus,Riccardo Bonnell",M,,Saint Lawrence
Churches,La Chiesa di San Giorgio,Church of Saint George,Cefalù,Palermo,Val Demone,"38.03996,14.02032",8.0,,Roger II of Hauteville,"Ruggero II d'Altavilla,Ruggero II di Altavilla,Conte di Sicilia, Conte di Calabria, Duca di Puglia, Duca di Calabria, Duca di Sicilia, Re di Sicilia e dell'Italia Meridionale",M,"Duke of Apulia, Calabria and Sicily,King of Sicily and Southern Italy ,Count of Sicily and Calabria, Duke of Apulia, Calabria and Sicily and King of Sicily and Southern Italy ,Becomes Duke of Apulia (and now known as Prince of Salerno as well as Duke of Apulia, Calabria and Sicily),Count of Sicily and Calabria,Invested with Kingdom of Sicily by Pope Innocent II.",Saint George
Churches,La Chiesa di San Pietro,Church of Saint Peter,Collesano,Palermo,Val Demone,"37.92604,13.93774",478.0,,Adelicia,"Contessa di Adernò, Signora di Collesano, Signora di Polizzi e Signora di Centuripe(?),Adelisia",F,"Lady of Centuripe,Countess of Montescaglioso ,Lady of Polizzi,Countess of Adernò, Countess of Montescaglioso, Lady of Collesano, Lady of Polizzi and Lady of Centuripe(?),Countess of Adernò,Lady of Collesano",Saint Peter
Churches,La Chiesa di Sant'Ippolito,Church of Saint Hippolytus,Erice,Trapani,Val di Mazara,"38.04234,12.59408",486.0,,Jordan of Hauteville,"Giordano di Altavilla,Signore di Siracusa e Signore di Noto,Giordano d'Altavilla",M,"Lord of Syracuse and Lord of Noto,Lord of Syracuse,Lord of Noto",Saint Hippolytus
Churches,La Chiesa di Sant'Ippolito,Church of Saint Hippolytus,Erice,Trapani,Val di Mazara,"38.04234,12.59408",486.0,,Roger I of Hauteville,"Gran Conte Ruggero,Roger the Great Count,Conte di Sicilia e di Calabria,Ruggero d'Altavilla",M,"Count of Sicily,Count of Sicily and Calabria",Saint Hippolytus
Churches,La Chiesa di Santa Maria del Gesù,Church of Santa Maria del Gesù,Gratteri,Palermo,Val Demone,"37.96777,13.97380",675.0,,Gilbert of Monfort,"Gilbertus,Gilibertus,Gilberto,di Monforte,Giliberto,Gilibert",M,Lord,the Virgin Mary
Churches,La Chiesa di San Nicola di Bari,Church of Saint Nicholas of Bari,Gualtieri Sicaminò,Messina,Val Demone,"38.16296,15.31645",74.0,,Walter Gavarretta,"Gavarreta,Gavareta,Gavaretta,Gualterio,Gualtiero",M,,Saint Nicholas
Churches,La Chiesa di San Tommaso di Canterbury,Church of Saint Thomas of Canterbury,Marsala,Trapani,Val di Mazara,"37.79930,12.43456",8.0,,Tustan,"Tristano,Vescovo di Mazara,Tustino",M,Bishop of Mazara,Saint Thomas Becket
Churches,La Chiesa del Santissimo Salvatore,Church of the Most Holy Savior,Mazara del Vallo,Trapani,Val di Mazara,"37.65087,12.59030",5.0,,Roger I of Hauteville,"Gran Conte Ruggero,Roger the Great Count,Conte di Sicilia e di Calabria,Ruggero d'Altavilla",M,"Count of Sicily,Count of Sicily and Calabria",Christ
Churches,La Chiesa di San Vito,Church of Saint Vitus,Mazara del Vallo,Trapani,Val di Mazara,"37.64296,12.60272",1.0,,John Grafeos,"Graffeo,Giovanni,de Graffaeo,Grafeo",M,,Saint Vitus
Churches,La Chiesa di Santa Maria Maddalena,Church of Saint Mary Magdalene,Messina,Messina,Val Demone,"38.17851,15.55324",3.0,,John Dapifer,Giovanni Dapifer,M,,Saint Mary Magdalene
Churches,La Chiesa di San Nicolò,Cathedral of Saint Nicholas,Messina,Messina,Val Demone,"38.19052,15.55619",3.0,,Roger I of Hauteville,"Gran Conte Ruggero,Roger the Great Count,Conte di Sicilia e di Calabria,Ruggero d'Altavilla",M,"Count of Sicily,Count of Sicily and Calabria",Saint Nicholas
Churches,La Chiesa di Santa Maria Assunta,La Chiesa di Santa Maria Assunta,Messina,Messina,Val Demone,"38.19239,15.55562",6.0,,William II,"Episcopo di Messina,Guglielmo II",M,Bishop of Messina,the Assumption
Churches,La Chiesa di Santa Maria Assunta,La Chiesa di Santa Maria Assunta,Messina,Messina,Val Demone,"38.19239,15.55562",6.0,,Roger II of Hauteville,"Ruggero II d'Altavilla,Ruggero II di Altavilla,Conte di Sicilia, Conte di Calabria, Duca di Puglia, Duca di Calabria, Duca di Sicilia, Re di Sicilia e dell'Italia Meridionale",M,"Duke of Apulia, Calabria and Sicily,King of Sicily and Southern Italy ,Count of Sicily and Calabria, Duke of Apulia, Calabria and Sicily and King of Sicily and Southern Italy ,Becomes Duke of Apulia (and now known as Prince of Salerno as well as Duke of Apulia, Calabria and Sicily),Count of Sicily and Calabria,Invested with Kingdom of Sicily by Pope Innocent II.",the Assumption
Churches,La Chiesa di Santa Maria delle Stelle,Church of Saint Mary of the Stars,Militello in Val di Catania,Catania,Val Demone,"37.27172,14.79608",392.0,,Roger I of Hauteville,"Gran Conte Ruggero,Roger the Great Count,Conte di Sicilia e di Calabria,Ruggero d'Altavilla",M,"Count of Sicily,Count of Sicily and Calabria",the Virgin Mary
Churches,La Chiesa di Santa Maria della Scala,Church of Saint Mary of the Steps,Nicosia,Enna,Val Demone,"37.74893,14.40147",776.0,,Roger I of Hauteville,"Gran Conte Ruggero,Roger the Great Count,Conte di Sicilia e di Calabria,Ruggero d'Altavilla",M,"Count of Sicily,Count of Sicily and Calabria",the Virgin Mary
Churches,La Chiesa di San Michele Arcangelo,Church of Saint Michael the Archangel,Nicosia,Enna,Val Demone,"37.75058,14.40645",703.0,,Roger I of Hauteville,"Gran Conte Ruggero,Roger the Great Count,Conte di Sicilia e di Calabria,Ruggero d'Altavilla",M,"Count of Sicily,Count of Sicily and Calabria",Saint Michael the Archangel
Churches,La Chiesa di Santa Maria di Rifesi,Church of Santa Maria di Rifesi,Palazzo Adriano,Palermo,Val di Mazara,"37.60820,13.34413",804.0,,Ansaldus,"Castellano Reale,Ansaldo",M,Royal Castellan,the Virgin Mary
Churches,La Chiesa di Santa Maria Assunta,Church of Santa Maria Assunta,Palermo,Palermo,Val di Mazara,"38.11439,13.35606",24.0,,Walter Offamil,"Gualtiero Offamilio,Walter of the Mill,Gualterio Offamilio,Arcivescovo di Palermo,Gualterio II,Walter II,Gualtiero II",M,Archbishop of Palermo,the Assumption
Churches,La Cappella di San Filippo e San Giacomo,Chapel of Saint Philip and Saint James,Palermo,Palermo,Val di Mazara,"38.09253,13.38723",27.0,,Roger II of Hauteville,"Ruggero II d'Altavilla,Ruggero II di Altavilla,Conte di Sicilia, Conte di Calabria, Duca di Puglia, Duca di Calabria, Duca di Sicilia, Re di Sicilia e dell'Italia Meridionale",M,"Duke of Apulia, Calabria and Sicily,King of Sicily and Southern Italy ,Count of Sicily and Calabria, Duke of Apulia, Calabria and Sicily and King of Sicily and Southern Italy ,Becomes Duke of Apulia (and now known as Prince of Salerno as well as Duke of Apulia, Calabria and Sicily),Count of Sicily and Calabria,Invested with Kingdom of Sicily by Pope Innocent II.",Saint Philip the Apostle and Saint James the Apostle
Churches,La Chiesa di San Cataldo,Church of Saint Catald,Palermo,Palermo,Val di Mazara,"38.11476,13.36245",15.0,,Maio of Bari,"Maione di Bari,Ammiraglio",M,Admiral,Saint Catald
Churches,La Chiesa di San Cataldo,Church of Saint Catald,Palermo,Palermo,Val di Mazara,"38.11476,13.36245",15.0,,William,"Guglielmo,Conte di Marsico e Signore di Ragusa",M,"Count of Marsico and Lord of Ragusa,Lord of Ragusa,Count of Marsico",Saint Catald
Churches,La Chiesa di San Cataldo,Church of Saint Catald,Palermo,Palermo,Val di Mazara,"38.11476,13.36245",15.0,,Matilda,Matilde,F,,Saint Catald
Churches,La Chiesa di San Cataldo,Church of Saint Catald,Palermo,Palermo,Val di Mazara,"38.11476,13.36245",15.0,,Sylvester,"Conte di Marsico,Silvestro di Altavilla,Silvestro d'Altavilla",M,Count of Marsico,Saint Catald
Churches,La Chiesa di Santa Cristina la Vetere,Church of Saint Christina la Vetere,Palermo,Palermo,Val di Mazara,"38.11487,13.35525",24.0,,Walter Offamil,"Gualtiero Offamilio,Walter of the Mill,Gualterio Offamilio,Arcivescovo di Palermo,Gualterio II,Walter II,Gualtiero II",M,Archbishop of Palermo,Saint Christina of Bolsena
Churches,La Chiesa di Santa Maria Maddalena,Church of Saint Mary Magdalene,Palermo,Palermo,Val di Mazara,"38.11264,13.35275",32.0,,Walter Offamil,"Gualtiero Offamilio,Walter of the Mill,Gualterio Offamilio,Arcivescovo di Palermo,Gualterio II,Walter II,Gualtiero II",M,Archbishop of Palermo,Saint Mary Magdalene
Churches,La Chiesa di Santa Maria dell'Ammiraglio,Church of Saint Mary of the Admiral,Palermo,Palermo,Val di Mazara,"38.11481,13.36279",18.0,,George of Antioch,"Giorgio d'Antiochia,Ammiraglio e Signore di Misilmeri",M,"Admiral,Lord of Misilmeri,Admiral and Lord of Misilmeri",the Virgin Mary
Churches,La Chiesa di San Matteo,Church of Saint Matthew,Palermo,Palermo,Val di Mazara,"38.11624,13.36269",11.0,,Robert of Hauteville,"Roberto Guiscardo,Robert Guiscard,Duca di Puglia, Duca di Calabria e Duca di Sicilia,Roberto di Altavilla,Roberto d'Altavilla",M,"Count of Apulia,Duke of Apulia, Calabria and Sicily",Saint Matthew
Churches,La Chiesa della Santissima Trinità alla Zisa,Church of the Most Holy Trinity of the Zisa,Palermo,Palermo,Val di Mazara,"38.11742,13.34114",43.0,,William I of Hauteville,"Guglielmo I di Altavilla,Guglielmo I d'Altavilla,Re di Sicilia,Guglielmo il Malo,William the Bad",M,King of Sicily,the Holy Trinity
Churches,La Cappella di San Pietro,Chapel of Saint Peter,Palermo,Palermo,Val di Mazara,"38.11134,13.35323",35.0,,Roger II of Hauteville,"Ruggero II d'Altavilla,Ruggero II di Altavilla,Conte di Sicilia, Conte di Calabria, Duca di Puglia, Duca di Calabria, Duca di Sicilia, Re di Sicilia e dell'Italia Meridionale",M,"Duke of Apulia, Calabria and Sicily,King of Sicily and Southern Italy ,Count of Sicily and Calabria, Duke of Apulia, Calabria and Sicily and King of Sicily and Southern Italy ,Becomes Duke of Apulia (and now known as Prince of Salerno as well as Duke of Apulia, Calabria and Sicily),Count of Sicily and Calabria,Invested with Kingdom of Sicily by Pope Innocent II.",Saint Peter
Churches,La Chiesa di San Giorgio,Church of Saint George,Paternò,Catania,Val Demone,"37.56380,14.89410",278.0,,Roger I of Hauteville,"Gran Conte Ruggero,Roger the Great Count,Conte di Sicilia e di Calabria,Ruggero d'Altavilla",M,"Count of Sicily,Count of Sicily and Calabria",Saint George
Churches,La Chiesa di San Bartolomeo,Church of Saint Bartholomew,Patti,Messina,Val Demone,"38.13778,14.96342",136.0,,Roger I of Hauteville,"Gran Conte Ruggero,Roger the Great Count,Conte di Sicilia e di Calabria,Ruggero d'Altavilla",M,"Count of Sicily,Count of Sicily and Calabria",Christ and Saint Bartholomew
Churches,La Chiesa di Santa Maria di Patrisanto,Church of Santa Maria di Patrisanto,Piazza Armerina,Enna,Val Demone,"37.38547,14.36989",699.0,,Simon,"Simone,Conte di Butera, Conte di Policastro, Conte di Paternò e Signore di Cerami",M,"Count of Policastro,Count of Paternò,Lord of Cerami,Count of Butera, Count of Policastro, Count of Paternò and Lord of Cerami,Count of Butera",the Virgin Mary
Churches,La Chiesa di San Filippo,Church of Saint Philip,Polizzi Generosa,Palermo,Val di Mazara,"37.81128,14.00139",894.0,,Maurus Blancabarba,,M,,Saint Philip the Apostle
Churches,La Chiesa di San Nicolò de Franchis,Church of Saint Nicholas de Franchis,Polizzi Generosa,Palermo,Val di Mazara,"37.81162,14.00123",901.0,,Peter of Tolosa,Pietro di Tolosa,M,,Saint Nicholas
Churches,La Chiesa di Santa Maria La Nova,Church of Santa Maria La Nova,Ragusa,Ragusa,Val di Noto,"36.92616,14.74578",396.0,,Geoffrey of Hauteville,"Goffredo d'Altavilla,Goffredo di Altavilla,Signore di Ragusa",M,Lord of Ragusa,the Virgin Mary
Churches,La Chiesa di Santa Lucia,Church of Saint Lucy,Santa Lucia del Mela,Messina,Val Demone,"38.14027,15.28324",292.0,,Roger I of Hauteville,"Gran Conte Ruggero,Roger the Great Count,Conte di Sicilia e di Calabria,Ruggero d'Altavilla",M,"Count of Sicily,Count of Sicily and Calabria",Saint Lucy
Churches,La Chiesa di Santa Maria,Church of Saint Mary,Santa Maria di Licodia,Catania,Val Demone,"37.61616,14.88779",440.0,,Thomasia,,F,Countess of Paternò,the Virgin Mary
Churches,La Chiesa di Santa Maria,Church of Saint Mary,Santa Maria di Licodia,Catania,Val Demone,"37.61616,14.88779",440.0,,Simon,"Simone,Conte di Butera, Conte di Policastro, Conte di Paternò e Signore di Cerami",M,"Count of Policastro,Count of Paternò,Lord of Cerami,Count of Butera, Count of Policastro, Count of Paternò and Lord of Cerami,Count of Butera",the Virgin Mary
Churches,La Chiesa della Beata Maria Vergine del Carmelo,Church of the Beata Maria Vergine del Carmelo,Sciacca,Agrigento,Val di Mazara,"37.50864,13.07860",54.0,,Roger I of Hauteville,"Gran Conte Ruggero,Roger the Great Count,Conte di Sicilia e di Calabria,Ruggero d'Altavilla",M,"Count of Sicily,Count of Sicily and Calabria",the Virgin Mary
Churches,La Chiesa di Santa Caterina,Church of Saint Catherine,Sciacca,Agrigento,Val di Mazara,"37.50780,13.08571",81.0,,Judith of Hauteville,"Giulietta di Altavilla,Giulia di Altavilla,Contessa di Sciacca,Giulia d'Altavilla,Giulietta d'Altavilla,Juliet of Hauteville,Julia of Hauteville,Giuditta d'Altavilla,Giudittta di Altavilla",F,Countess of Sciacca,Saint Catherine
Churches,La Chiesa di Maria Santissima Assunta,Church of Maria Santissima Assunta,Troina,Enna,Val Demone,"37.78541,14.60089",1096.0,,Roger I of Hauteville,"Gran Conte Ruggero,Roger the Great Count,Conte di Sicilia e di Calabria,Ruggero d'Altavilla",M,"Count of Sicily,Count of Sicily and Calabria",the Assumption
Churches,La Chiesa di San Michele,Church of Saint Michael,Valderice,Trapani,Val di Mazara,"38.05827,12.58290",280.0,,Jordan of Hauteville,"Giordano di Altavilla,Signore di Siracusa e Signore di Noto,Giordano d'Altavilla",M,"Lord of Syracuse and Lord of Noto,Lord of Syracuse,Lord of Noto",Saint Michael the Archangel
Churches,La Chiesa di San Michele,Church of Saint Michael,Valderice,Trapani,Val di Mazara,"38.05827,12.58290",280.0,,Roger I of Hauteville,"Gran Conte Ruggero,Roger the Great Count,Conte di Sicilia e di Calabria,Ruggero d'Altavilla",M,"Count of Sicily,Count of Sicily and Calabria",Saint Michael the Archangel
Fortifications,,,Adrano,Catania,Val Demone,"37.66261,14.83180",557.0,,Adelicia,"Contessa di Adernò, Signora di Collesano, Signora di Polizzi e Signora di Centuripe(?),Adelisia",F,"Lady of Centuripe,Countess of Montescaglioso ,Lady of Polizzi,Countess of Adernò, Countess of Montescaglioso, Lady of Collesano, Lady of Polizzi and Lady of Centuripe(?),Countess of Adernò,Lady of Collesano",
Fortifications,,,Agrigento,Agrigento,Val di Mazara,"37.33607,13.58848",230.0,,Roger I of Hauteville,"Gran Conte Ruggero,Roger the Great Count,Conte di Sicilia e di Calabria,Ruggero d'Altavilla",M,"Count of Sicily,Count of Sicily and Calabria",
Fortifications,,,Butera,Caltanissetta,Val di Noto,"37.18361,14.18730",387.0,,Pagano de Parisio,"Conte d'Avellino, Conte di Butera e Signore di San Filippo d'Agirò,Conte di Avellino, Conte di Butera e Signore di San Filippo d'Agirò",M,"Lord of San Filippo d'Argirò,Count of Avellino,Count of Avellino, Count of Butera and Lord of San Filippo d'Argirò,Count of Butera",
Fortifications,,,Butera,Caltanissetta,Val di Noto,"37.18361,14.18730",387.0,,Simon,"Simone,Conte di Butera, Conte di Policastro, Conte di Paternò e Signore di Cerami",M,"Count of Policastro,Count of Paternò,Lord of Cerami,Count of Butera, Count of Policastro, Count of Paternò and Lord of Cerami,Count of Butera",
Fortifications,,,Butera,Caltanissetta,Val di Noto,"37.18361,14.18730",387.0,,Henry del Vasto,"Conte di Butera e Conte di Paternò,Enrico del Vasto",M,"Count of Butera and Count of Paternò,Count of Paternò,Count of Butera",
Fortifications,,,Caccamo,Palermo,Val di Mazara,"37.93183,13.66059",487.0,,Matthew Bonell,"Matthew Bonellus,Signore di Caccamo, Signore di Carini, Signore di Mistretta e Signore di Prizzi,Matteo Bonell,Bonnell",M,"Lord of Caccamo, Lord of Carini, Lord of Mistretta and Lord of Prizzi,Lord of Caccamo,Lord of Mistretta,Lord of Carini,Lord of Prizzi",
Fortifications,,,Calascibetta,Enna,Val di Noto,"37.58622,14.27743",868.0,,Roger I of Hauteville,"Gran Conte Ruggero,Roger the Great Count,Conte di Sicilia e di Calabria,Ruggero d'Altavilla",M,"Count of Sicily,Count of Sicily and Calabria",
Fortifications,,,Carini,Palermo,Val di Mazara,"38.13326,13.18142",153.0,,Matthew Bonell,"Matthew Bonellus,Signore di Caccamo, Signore di Carini, Signore di Mistretta e Signore di Prizzi,Matteo Bonell,Bonnell",M,"Lord of Caccamo, Lord of Carini, Lord of Mistretta and Lord of Prizzi,Lord of Caccamo,Lord of Mistretta,Lord of Carini,Lord of Prizzi",
Fortifications,,,Castronovo di Sicilia,Palermo,Val di Mazara,"37.67756,13.59884",761.0,,Roger of Barneville,"Ruggero,Ruggiero,Signore di Castronovo",M,Lord of Castronovo,
Fortifications,,,Centuripe,Enna,Val di Noto,"37.61857,14.74642",687.0,,Adelicia,"Contessa di Adernò, Signora di Collesano, Signora di Polizzi e Signora di Centuripe(?),Adelisia",F,"Lady of Centuripe,Countess of Montescaglioso ,Lady of Polizzi,Countess of Adernò, Countess of Montescaglioso, Lady of Collesano, Lady of Polizzi and Lady of Centuripe(?),Countess of Adernò,Lady of Collesano",
Fortifications,,,Cerami,Enna,Val Demone,"37.81324,14.50872",1025.0,,Simon,"Simone,Conte di Butera, Conte di Policastro, Conte di Paternò e Signore di Cerami",M,"Count of Policastro,Count of Paternò,Lord of Cerami,Count of Butera, Count of Policastro, Count of Paternò and Lord of Cerami,Count of Butera",
Fortifications,,,Collesano,Palermo,Val Demone,"37.92593,13.93771",476.0,,Adelicia,"Contessa di Adernò, Signora di Collesano, Signora di Polizzi e Signora di Centuripe(?),Adelisia",F,"Lady of Centuripe,Countess of Montescaglioso ,Lady of Polizzi,Countess of Adernò, Countess of Montescaglioso, Lady of Collesano, Lady of Polizzi and Lady of Centuripe(?),Countess of Adernò,Lady of Collesano",
Fortifications,,,Barrafranca,Enna,Val di Noto,"37.37850,14.20270",450.0,,Richard of Bugli,"Riccardo di Bubly,Richard of Bubli,Riccardo di Bugli,Riccardo di Bubli,Richard of Bubly,Signore di Convicino",M,Lord of Convicino,
Fortifications,,,Geraci Siculo,Palermo,Val Demone,"37.85344,14.15304",1107.0,,Roger I of Hauteville,"Gran Conte Ruggero,Roger the Great Count,Conte di Sicilia e di Calabria,Ruggero d'Altavilla",M,"Count of Sicily,Count of Sicily and Calabria",
Fortifications,,,Mineo,Catania,Val di Noto,"37.26792,14.69261",548.0,,Bartholomew of Lucy,"Bartolomeo de Luci,Conte di Paternò e Signore di Mineo,Bartholomew of Luci",M,"Count of Paternò and Lord of Mineo,Count of Paternò,Lord of Mineo",
Fortifications,,,Misilmeri,Palermo,Val di Mazara,"38.03607,13.44775",216.0,,George of Antioch,"Giorgio d'Antiochia,Ammiraglio e Signore di Misilmeri",M,"Admiral,Lord of Misilmeri,Admiral and Lord of Misilmeri",
Fortifications,,,Mistretta,Messina,Val Demone,"37.93244,14.36216",961.0,,Matthew Bonell,"Matthew Bonellus,Signore di Caccamo, Signore di Carini, Signore di Mistretta e Signore di Prizzi,Matteo Bonell,Bonnell",M,"Lord of Caccamo, Lord of Carini, Lord of Mistretta and Lord of Prizzi,Lord of Caccamo,Lord of Mistretta,Lord of Carini,Lord of Prizzi",
Fortifications,,,Noto Antica,Syracuse,Val di Noto,"36.94623,15.02316",402.0,,Geoffrey of Lecce,"Goffredo di Lecce,Godfrey,Conte di Montescaglioso e Signore di Sclafani",M,"Count of Montescaglioso,Count of Montescaglioso and Lord of Sclafani,Lord of Sclafani",
Fortifications,,,Noto Antica,Syracuse,Val di Noto,"36.94623,15.02316",402.0,,Henry of Navarre,"Rodrigo,Conte di Montescaglioso,Enrico di Navarra",M,Count of Montescaglioso,
Fortifications,,,Noto Antica,Syracuse,Val di Noto,"36.94623,15.02316",402.0,,Tancred of Hauteville,"Signore di Siracusa,Tancredi di Altavilla,Tancredi d'Altavilla",M,Lord of Syracuse,
Fortifications,,,Noto Antica,Syracuse,Val di Noto,"36.94623,15.02316",402.0,,Jordan of Hauteville,"Giordano di Altavilla,Signore di Siracusa e Signore di Noto,Giordano d'Altavilla",M,"Lord of Syracuse and Lord of Noto,Lord of Syracuse,Lord of Noto",
Fortifications,,,Paternò,Catania,Val Demone,"37.56533,14.89384",276.0,,Bartholomew of Lucy,"Bartolomeo de Luci,Conte di Paternò e Signore di Mineo,Bartholomew of Luci",M,"Count of Paternò and Lord of Mineo,Count of Paternò,Lord of Mineo",
Fortifications,,,Paternò,Catania,Val Demone,"37.56533,14.89384",276.0,,Thomasia,,F,Countess of Paternò,
Fortifications,,,Paternò,Catania,Val Demone,"37.56533,14.89384",276.0,,Simon,"Simone,Conte di Butera, Conte di Policastro, Conte di Paternò e Signore di Cerami",M,"Count of Policastro,Count of Paternò,Lord of Cerami,Count of Butera, Count of Policastro, Count of Paternò and Lord of Cerami,Count of Butera",
Fortifications,,,Paternò,Catania,Val Demone,"37.56533,14.89384",276.0,,Henry del Vasto,"Conte di Butera e Conte di Paternò,Enrico del Vasto",M,"Count of Butera and Count of Paternò,Count of Paternò,Count of Butera",
Fortifications,,,Caltanissetta,Caltanissetta,Val di Mazara,"37.48581,14.07110",514.0,,Geoffrey of Lecce,"Goffredo di Lecce,Godfrey,Conte di Montescaglioso e Signore di Sclafani",M,"Count of Montescaglioso,Count of Montescaglioso and Lord of Sclafani,Lord of Sclafani",
Fortifications,,,Polizzi Generosa,Palermo,Val di Mazara,"37.81222,14.00249",914.0,,Adelicia,"Contessa di Adernò, Signora di Collesano, Signora di Polizzi e Signora di Centuripe(?),Adelisia",F,"Lady of Centuripe,Countess of Montescaglioso ,Lady of Polizzi,Countess of Adernò, Countess of Montescaglioso, Lady of Collesano, Lady of Polizzi and Lady of Centuripe(?),Countess of Adernò,Lady of Collesano",
Fortifications,,,Prizzi,Palermo,Val di Mazara,"37.72289,13.42873",1003.0,,Matthew Bonell,"Matthew Bonellus,Signore di Caccamo, Signore di Carini, Signore di Mistretta e Signore di Prizzi,Matteo Bonell,Bonnell",M,"Lord of Caccamo, Lord of Carini, Lord of Mistretta and Lord of Prizzi,Lord of Caccamo,Lord of Mistretta,Lord of Carini,Lord of Prizzi",
Fortifications,,,Ragusa Ibla,Ragusa,Val di Noto,"36.92589,14.74064",440.0,,William,"Guglielmo,Conte di Marsico e Signore di Ragusa",M,"Count of Marsico and Lord of Ragusa,Lord of Ragusa,Count of Marsico",
Fortifications,,,Ragusa Ibla,Ragusa,Val di Noto,"36.92589,14.74064",440.0,,Geoffrey of Hauteville,"Goffredo d'Altavilla,Goffredo di Altavilla,Signore di Ragusa",M,Lord of Ragusa,
Fortifications,,,Agira,Enna,Val di Noto,"37.65506,14.52921",802.0,,Pagano de Parisio,"Conte d'Avellino, Conte di Butera e Signore di San Filippo d'Agirò,Conte di Avellino, Conte di Butera e Signore di San Filippo d'Agirò",M,"Lord of San Filippo d'Argirò,Count of Avellino,Count of Avellino, Count of Butera and Lord of San Filippo d'Argirò,Count of Butera",
Fortifications,,,Agira,Enna,Val di Noto,"37.65506,14.52921",802.0,,Robert,Roberto,M,,
Fortifications,,,Sciacca,Agrigento,Val di Mazara,"37.50682,13.08563",72.0,,Judith of Hauteville,"Giulietta di Altavilla,Giulia di Altavilla,Contessa di Sciacca,Giulia d'Altavilla,Giulietta d'Altavilla,Juliet of Hauteville,Julia of Hauteville,Giuditta d'Altavilla,Giudittta di Altavilla",F,Countess of Sciacca,
Fortifications,,,Sclafani Bagni,Palermo,Val di Mazara,"37.82182,13.85600",769.0,,Geoffrey of Lecce,"Goffredo di Lecce,Godfrey,Conte di Montescaglioso e Signore di Sclafani",M,"Count of Montescaglioso,Count of Montescaglioso and Lord of Sclafani,Lord of Sclafani",
Fortifications,,,Siracusa,Syracuse,Val di Noto,"37.06509,15.28862",1.0,,Tancred of Hauteville,"Signore di Siracusa,Tancredi di Altavilla,Tancredi d'Altavilla",M,Lord of Syracuse,
Fortifications,,,Siracusa,Syracuse,Val di Noto,"37.06509,15.28862",1.0,,Jordan of Hauteville,"Giordano di Altavilla,Signore di Siracusa e Signore di Noto,Giordano d'Altavilla",M,"Lord of Syracuse and Lord of Noto,Lord of Syracuse,Lord of Noto",
Fortifications,,,Tusa,Messina,Val Demone,"37.98513,14.23677",605.0,,Rainald of Tusa,"Raynald of Tusa,Rinaldo di Tusa,Rainaldo di Tusa,Giudice Reale",M,Royal Justiciar,
Gates,La Porta della Vittoria,Gate of Victory,Palermo,Palermo,Val di Mazara,"38.11542,13.37191",5.0,,Robert of Hauteville,"Roberto Guiscardo,Robert Guiscard,Duca di Puglia, Duca di Calabria e Duca di Sicilia,Roberto di Altavilla,Roberto d'Altavilla",M,"Count of Apulia,Duke of Apulia, Calabria and Sicily",
Monasteries,Sant'Anna di Gala,Saint Anne of Gala,Barcellona Pozzo di Gotto,Messina,Val Demone,"38.14772,15.21469",60.0,Benedictines,Adelasia del Vasto,Adelaide del Vasto,F,"Countess of Sicily,Queen of Jerusalem",Saint Anne
Monasteries,San Nicandro di San Nicone,Saint Nicander of San Nicone,Fiumedinisi,Messina,Val Demone,"38.02596,15.38099",200.0,Basilians,Roger I of Hauteville,"Gran Conte Ruggero,Roger the Great Count,Conte di Sicilia e di Calabria,Ruggero d'Altavilla",M,"Count of Sicily,Count of Sicily and Calabria",Saint Nicander
Monasteries,San Pantaleone del Presbitero Scholarios,Saint Pantaleon of the Presbyter Scholarios,Messina,Messina,Val Demone,"38.19394,15.55256",3.0,Basilians,Scholarios,Scolario,M,,Saint Pantaleon
Monasteries,Sant'Anna di Messina,Saint Anne of Messina,Messina,Messina,Val Demone,"38.19394,15.55256",3.0,Basilians,Ola Grafeos,"Grafeo,Ula de Graffaeo",F,,Saint Anne
Monasteries,Santa Maria di Ambuto,Saint Mary of Ambuto,Messina,Messina,Val Demone,"38.19394,15.55256",3.0,Basilians,Roger I of Hauteville,"Gran Conte Ruggero,Roger the Great Count,Conte di Sicilia e di Calabria,Ruggero d'Altavilla",M,"Count of Sicily,Count of Sicily and Calabria",the Virgin Mary
Monasteries,Santa Maria di Massa,Saint Mary of Massa,Messina,Messina,Val Demone,"38.19394,15.55256",3.0,Basilians,Nicholas Grafeos,"Grafeo,Nicola Graffeo,Nicodemus?,de Grafaeo",M,,the Virgin Mary
Monasteries,Santissimo Salvatore di Messina,Christ the Savior of Messina,Messina,Messina,Val Demone,"38.19394,15.55256",3.0,Basilians,Roger I of Hauteville,"Gran Conte Ruggero,Roger the Great Count,Conte di Sicilia e di Calabria,Ruggero d'Altavilla",M,"Count of Sicily,Count of Sicily and Calabria",Christ
Monasteries,Santissimo Salvatore in Lingua Phari,Christ the Savior in Lingua Phari,Messina,Messina,Val Demone,"38.19394,15.55256",3.0,Basilians,Roger II of Hauteville,"Ruggero II d'Altavilla,Ruggero II di Altavilla,Conte di Sicilia, Conte di Calabria, Duca di Puglia, Duca di Calabria, Duca di Sicilia, Re di Sicilia e dell'Italia Meridionale",M,"Duke of Apulia, Calabria and Sicily,King of Sicily and Southern Italy ,Count of Sicily and Calabria, Duke of Apulia, Calabria and Sicily and King of Sicily and Southern Italy ,Becomes Duke of Apulia (and now known as Prince of Salerno as well as Duke of Apulia, Calabria and Sicily),Count of Sicily and Calabria,Invested with Kingdom of Sicily by Pope Innocent II.",Christ
Monasteries,L'Ospedale di San Giovanni di Gerusalemme,Hospital of Saint John of Jerusalem,Messina,Messina,Val Demone,"38.19911,15.55652",3.0,Hospitallers of Saint John of Jerusalem,Roger of Aquila,"Ruggero d'Aquila,Conte d'Avellino,Ruggiero,Ruggero di Aquila,Conte di Avellino",M,Count of Avellino,Saint John the Baptist
Monasteries,L'Ospedale di San Giovanni di Gerusalemme,Hospital of Saint John of Jerusalem,Messina,Messina,Val Demone,"38.19911,15.55652",3.0,Hospitallers of Saint John of Jerusalem,Arnald,"Arnaldo,Vescovo di Messina e Troina",M,Bishop of Messina and Troina,Saint John the Baptist
Monasteries,L'Ospedale di San Giovanni di Gerusalemme,Hospital of Saint John of Jerusalem,Messina,Messina,Val Demone,"38.19911,15.55652",3.0,Hospitallers of Saint John of Jerusalem,Odo Scarpa,,M,,Saint John the Baptist
Monasteries,L'Ospedale di San Giovanni di Gerusalemme,Hospital of Saint John of Jerusalem,Messina,Messina,Val Demone,"38.19911,15.55652",3.0,Hospitallers of Saint John of Jerusalem,Adelicia,"Contessa di Adernò, Signora di Collesano, Signora di Polizzi e Signora di Centuripe(?),Adelisia",F,"Lady of Centuripe,Countess of Montescaglioso ,Lady of Polizzi,Countess of Adernò, Countess of Montescaglioso, Lady of Collesano, Lady of Polizzi and Lady of Centuripe(?),Countess of Adernò,Lady of Collesano",Saint John the Baptist
Monasteries,L'Ospedale di San Giovanni di Gerusalemme,Hospital of Saint John of Jerusalem,Messina,Messina,Val Demone,"38.19911,15.55652",3.0,Hospitallers of Saint John of Jerusalem,Simon,"Simone,Conte di Butera, Conte di Policastro, Conte di Paternò e Signore di Cerami",M,"Count of Policastro,Count of Paternò,Lord of Cerami,Count of Butera, Count of Policastro, Count of Paternò and Lord of Cerami,Count of Butera",Saint John the Baptist
Monasteries,San Leone di Pannachio,Saint Leo of Pannachio,Nicolosi,Catania,Val Demone,"37.62148,15.02785",700.0,Benedictines,Henry del Vasto,"Conte di Butera e Conte di Paternò,Enrico del Vasto",M,"Count of Butera and Count of Paternò,Count of Paternò,Count of Butera",Saint Leo (Pope Leo II?)
Monasteries,San Nicolò di Paternò,Saint Nicholas of Paternò,Paternò,Catania,Val Demone,"37.56675,14.90254",225.0,Basilians,Geoffrey Secretus,"de Secretis,Secatis,Goffredo Secretus,Sekretos",M,,Saint Nicholas
Monasteries,Santissimo Salvatore di Patti,Christ the Savior of Patti,Patti,Messina,Val Demone,"38.14736,14.96409",157.0,Benedictines,Roger I of Hauteville,"Gran Conte Ruggero,Roger the Great Count,Conte di Sicilia e di Calabria,Ruggero d'Altavilla",M,"Count of Sicily,Count of Sicily and Calabria",Christ
Monasteries,San Nicola di Pellera,Saint Nicholas of Pellera,Roccella Valdemone,Messina,Val Demone,"38.19394,15.55256",3.0,Basilians,Adelicia,"Contessa di Adernò, Signora di Collesano, Signora di Polizzi e Signora di Centuripe(?),Adelisia",F,"Lady of Centuripe,Countess of Montescaglioso ,Lady of Polizzi,Countess of Adernò, Countess of Montescaglioso, Lady of Collesano, Lady of Polizzi and Lady of Centuripe(?),Countess of Adernò,Lady of Collesano",Saint Nicholas
Monasteries,San Filippo di Santa Lucia,Saint Philip of Saint Lucy,Santa Lucia del Mela,Messina,Val Demone,"38.14408,15.28055",215.0,Basilians,Roger I of Hauteville,"Gran Conte Ruggero,Roger the Great Count,Conte di Sicilia e di Calabria,Ruggero d'Altavilla",M,"Count of Sicily,Count of Sicily and Calabria",Saint Philip the Apostle
Monasteries,Sant'Elia Profeta,Saint Elias the Prophet,Adrano,Catania,Val Demone,"37.67449,14.82699",516.0,Augustinian Canons,Adelicia,"Contessa di Adernò, Signora di Collesano, Signora di Polizzi e Signora di Centuripe(?),Adelisia",F,"Lady of Centuripe,Countess of Montescaglioso ,Lady of Polizzi,Countess of Adernò, Countess of Montescaglioso, Lady of Collesano, Lady of Polizzi and Lady of Centuripe(?),Countess of Adernò,Lady of Collesano",Saint Elias the Prophet
Monasteries,Santa Lucia di Adernò,Saint Lucy of Adernò,Adrano,Catania,Val Demone,"37.66454,14.82411",536.0,Benedictines,Adelicia,"Contessa di Adernò, Signora di Collesano, Signora di Polizzi e Signora di Centuripe(?),Adelisia",F,"Lady of Centuripe,Countess of Montescaglioso ,Lady of Polizzi,Countess of Adernò, Countess of Montescaglioso, Lady of Collesano, Lady of Polizzi and Lady of Centuripe(?),Countess of Adernò,Lady of Collesano",Saint Lucy
Monasteries,Santa Maria di Gala,Saint Mary of Gala,Barcellona Pozzo di Gotto,Messina,Val Demone,"38.11992,15.23400",259.0,Basilians,Adelasia del Vasto,Adelaide del Vasto,F,"Countess of Sicily,Queen of Jerusalem",the Virgin Mary
Monasteries,Santa Maria di Maniace,Saint Mary of Maniace,Bronte,Catania,Val Demone,"37.85857,14.81839",701.0,Benedictines,Adelasia del Vasto,Adelaide del Vasto,F,"Countess of Sicily,Queen of Jerusalem",the Virgin Mary
Monasteries,Santa Maria di Maniace,Saint Mary of Maniace,Bronte,Catania,Val Demone,"37.85857,14.81839",701.0,Benedictines,Roger I of Hauteville,"Gran Conte Ruggero,Roger the Great Count,Conte di Sicilia e di Calabria,Ruggero d'Altavilla",M,"Count of Sicily,Count of Sicily and Calabria",the Virgin Mary
Monasteries,Santi Pietro e Paolo d'Agrò,Saints Peter and Paul of Agrò,Casalvecchio Siculo,Messina,Val Demone,"37.94708,15.30841",142.0,Basilians,Roger II of Hauteville,"Ruggero II d'Altavilla,Ruggero II di Altavilla,Conte di Sicilia, Conte di Calabria, Duca di Puglia, Duca di Calabria, Duca di Sicilia, Re di Sicilia e dell'Italia Meridionale",M,"Duke of Apulia, Calabria and Sicily,King of Sicily and Southern Italy ,Count of Sicily and Calabria, Duke of Apulia, Calabria and Sicily and King of Sicily and Southern Italy ,Becomes Duke of Apulia (and now known as Prince of Salerno as well as Duke of Apulia, Calabria and Sicily),Count of Sicily and Calabria,Invested with Kingdom of Sicily by Pope Innocent II.","Saint Peter, Saint Paul"
Monasteries,Santissimo Salvatore e Santi Pietro e Paolo,Most Holy Savior and Saints Peter and Paul,Cefalù,Palermo,Val Demone,"38.03997,14.02338",24.0,Augustinian Canons,Asmundus of Cadak,"Asmundo,di Cadak",M,,"Christ, Saint Peter, Saint Paul"
Monasteries,Santissimo Salvatore e Santi Pietro e Paolo,Most Holy Savior and Saints Peter and Paul,Cefalù,Palermo,Val Demone,"38.03997,14.02338",24.0,Augustinian Canons,Lucy of Cammarata,Lucia di Cammarata,F,,"Christ, Saint Peter, Saint Paul"
Monasteries,Santissimo Salvatore e Santi Pietro e Paolo,Most Holy Savior and Saints Peter and Paul,Cefalù,Palermo,Val Demone,"38.03997,14.02338",24.0,Augustinian Canons,Lucy of Cammarata,Lucia di Cammarata,F,,"Christ, Saint Peter, Saint Paul"
Monasteries,Santissimo Salvatore e Santi Pietro e Paolo,Most Holy Savior and Saints Peter and Paul,Cefalù,Palermo,Val Demone,"38.03997,14.02338",24.0,Augustinian Canons,Asquitinus,Asquitino,M,,"Christ, Saint Peter, Saint Paul"
Monasteries,Santissimo Salvatore e Santi Pietro e Paolo,Most Holy Savior and Saints Peter and Paul,Cefalù,Palermo,Val Demone,"38.03997,14.02338",24.0,Augustinian Canons,Jocelmus,"Priore di Santa Maria e i Dodici Apostoli (Bagnara) e, dopo, Vescovo della Cattedrale del Santissimo Salvatore e Santi Pietro e Paolo (Cefalù),Gizelmus",M,"Prior or St. Mary and the Twelve Apostles (Bagnara) and, Later, Bishop of the Cathedral of the Most Holy Savior and Saints Peter and Paul (Cefalù)","Christ, Saint Peter, Saint Paul"
Monasteries,Santissimo Salvatore e Santi Pietro e Paolo,Most Holy Savior and Saints Peter and Paul,Cefalù,Palermo,Val Demone,"38.03997,14.02338",24.0,Augustinian Canons,Roger II of Hauteville,"Ruggero II d'Altavilla,Ruggero II di Altavilla,Conte di Sicilia, Conte di Calabria, Duca di Puglia, Duca di Calabria, Duca di Sicilia, Re di Sicilia e dell'Italia Meridionale",M,"Duke of Apulia, Calabria and Sicily,King of Sicily and Southern Italy ,Count of Sicily and Calabria, Duke of Apulia, Calabria and Sicily and King of Sicily and Southern Italy ,Becomes Duke of Apulia (and now known as Prince of Salerno as well as Duke of Apulia, Calabria and Sicily),Count of Sicily and Calabria,Invested with Kingdom of Sicily by Pope Innocent II.","Christ, Saint Peter, Saint Paul"
Monasteries,Santissimo Salvatore della Placa,Christ the Savior of Placa,Francavilla di Sicilia,Messina,Val Demone,"37.91554,15.10063",495.0,Basilians,Roger I of Hauteville,"Gran Conte Ruggero,Roger the Great Count,Conte di Sicilia e di Calabria,Ruggero d'Altavilla",M,"Count of Sicily,Count of Sicily and Calabria",Christ
Monasteries,San Filippo di Fragalà,Saint Philip of Fragalà,Frazzanò,Messina,Val Demone,"38.05817,14.74469",732.0,Basilians,Adelasia del Vasto,Adelaide del Vasto,F,"Countess of Sicily,Queen of Jerusalem",Saint Philip the Apostle
Monasteries,San Filippo di Fragalà,Saint Philip of Fragalà,Frazzanò,Messina,Val Demone,"38.05817,14.74469",732.0,Basilians,Roger I of Hauteville,"Gran Conte Ruggero,Roger the Great Count,Conte di Sicilia e di Calabria,Ruggero d'Altavilla",M,"Count of Sicily,Count of Sicily and Calabria",Saint Philip the Apostle
Monasteries,San Filippo di Fragalà,Saint Philip of Fragalà,Frazzanò,Messina,Val Demone,"38.05817,14.74469",732.0,Basilians,Roger I of Hauteville,"Gran Conte Ruggero,Roger the Great Count,Conte di Sicilia e di Calabria,Ruggero d'Altavilla",M,"Count of Sicily,Count of Sicily and Calabria",Saint Philip the Apostle
Monasteries,San Filippo di Fragalà,Saint Philip of Fragalà,Frazzanò,Messina,Val Demone,"38.05817,14.74469",732.0,Basilians,Roger I of Hauteville,"Gran Conte Ruggero,Roger the Great Count,Conte di Sicilia e di Calabria,Ruggero d'Altavilla",M,"Count of Sicily,Count of Sicily and Calabria",Saint Philip the Apostle
Monasteries,San Giorgio di Gratteri,Saint George of Gratteri,Gratteri,Palermo,Val Demone,"37.95286,13.96384",662.0,Premonstratensian Canons,Roger of Hauteville,"Ruggiero di Altavilla,Ruggero d'Altavilla,Ruggiero d'Altavilla,Duca di Puglia,Ruggero di Altavilla",M,Duke of Apulia,Saint George
Monasteries,Santi Pietro e Paolo di Italà,Saints Peter and Paul of Italà,Itala,Messina,Val Demone,"38.04648,15.44042",240.0,Basilians,Roger I of Hauteville,"Gran Conte Ruggero,Roger the Great Count,Conte di Sicilia e di Calabria,Ruggero d'Altavilla",M,"Count of Sicily,Count of Sicily and Calabria","Saint Peter, Saint Paul"
Monasteries,San Bartolomeo di Lipari,Saint Bartholomew of Lipari,Lipari,Messina,Val Demone,"38.46677,14.95731",21.0,Benedictines,Achinus of Vizzini,Achino di Vizzini,M,,Saint Bartholomew
Monasteries,San Bartolomeo di Lipari,Saint Bartholomew of Lipari,Lipari,Messina,Val Demone,"38.46677,14.95731",21.0,Benedictines,Asmundus,Asmundo,M,,Saint Bartholomew
Monasteries,San Bartolomeo di Lipari,Saint Bartholomew of Lipari,Lipari,Messina,Val Demone,"38.46677,14.95731",21.0,Benedictines,Ambrose,"Ambrogio,Abate di Lipari",M,Abbot of Lipari,Saint Bartholomew
Monasteries,San Bartolomeo di Lipari,Saint Bartholomew of Lipari,Lipari,Messina,Val Demone,"38.46677,14.95731",21.0,Benedictines,Robert of Hauteville,"Roberto Guiscardo,Robert Guiscard,Duca di Puglia, Duca di Calabria e Duca di Sicilia,Roberto di Altavilla,Roberto d'Altavilla",M,"Count of Apulia,Duke of Apulia, Calabria and Sicily",Saint Bartholomew
Monasteries,San Bartolomeo di Lipari,Saint Bartholomew of Lipari,Lipari,Messina,Val Demone,"38.46677,14.95731",21.0,Benedictines,Roger I of Hauteville,"Gran Conte Ruggero,Roger the Great Count,Conte di Sicilia e di Calabria,Ruggero d'Altavilla",M,"Count of Sicily,Count of Sicily and Calabria",Saint Bartholomew
Monasteries,Santa Maria di Mandanici,Saint Mary of Mandanici,Mandanici,Messina,Val Demone,"37.99524,15.33537",319.0,Basilians,Roger I of Hauteville,"Gran Conte Ruggero,Roger the Great Count,Conte di Sicilia e di Calabria,Ruggero d'Altavilla",M,"Count of Sicily,Count of Sicily and Calabria",the Virgin Mary
Monasteries,Santa Maria di Mili,Saint Mary of Mili,Messina,Messina,Val Demone,"38.12406,15.49103",165.0,Basilians,Roger I of Hauteville,"Gran Conte Ruggero,Roger the Great Count,Conte di Sicilia e di Calabria,Ruggero d'Altavilla",M,"Count of Sicily,Count of Sicily and Calabria",the Virgin Mary
Monasteries,Santa Maria delle Scale,Saint Mary delle Scale,Messina,Messina,Val Demone,"38.21295,15.51455",270.0,Benedictines,William II,"Episcopo di Messina,Guglielmo II",M,Bishop of Messina,the Virgin Mary
Monasteries,Santa Maria delle Scale,Saint Mary delle Scale,Messina,Messina,Val Demone,"38.21295,15.51455",270.0,Benedictines,Anscretinus,Anscretino,M,,the Virgin Mary
Monasteries,Santa Maria delle Scale,Saint Mary delle Scale,Messina,Messina,Val Demone,"38.21295,15.51455",270.0,Benedictines,Adelasia del Vasto,Adelaide del Vasto,F,"Countess of Sicily,Queen of Jerusalem",the Virgin Mary
Monasteries,Santa Maria delle Scale,Saint Mary delle Scale,Messina,Messina,Val Demone,"38.21295,15.51455",270.0,Benedictines,Roger I of Hauteville,"Gran Conte Ruggero,Roger the Great Count,Conte di Sicilia e di Calabria,Ruggero d'Altavilla",M,"Count of Sicily,Count of Sicily and Calabria",the Virgin Mary
Monasteries,Santa Maria di Roccamadore,Saint Mary of Roccamadore,Messina,Messina,Val Demone,"38.14060,15.52323",27.0,Cistercians,Bartholomew of Lucy,"Bartolomeo de Luci,Conte di Paternò e Signore di Mineo,Bartholomew of Luci",M,"Count of Paternò and Lord of Mineo,Count of Paternò,Lord of Mineo",the Virgin Mary
Monasteries,San Nicolò l'Arena,Saint Nicholas of Arena,Nicolosi,Catania,Val Demone,"37.63099,15.02236",833.0,Benedictines,Simon,"Simone,Conte di Butera, Conte di Policastro, Conte di Paternò e Signore di Cerami",M,"Count of Policastro,Count of Paternò,Lord of Cerami,Count of Butera, Count of Policastro, Count of Paternò and Lord of Cerami,Count of Butera",Saint Nicholas
Monasteries,Santa Maria di Novara,Saint Mary of Novara,Novara di Sicilia,Messina,Val Demone,"37.99967,15.10418",533.0,Cistercians,Paul,"Abate di Santa Maria di Novara,Paolo",M,Abbot of Saint Mary of Novara,the Virgin Mary
Monasteries,Santa Maria di Novara,Saint Mary of Novara,Novara di Sicilia,Messina,Val Demone,"37.99967,15.10418",533.0,Cistercians,Eligius,"Abate di Santa Maria di Novara,Eligio",M,Abbot of Saint Mary of Novara,the Virgin Mary
Monasteries,Santa Maria di Novara,Saint Mary of Novara,Novara di Sicilia,Messina,Val Demone,"37.99967,15.10418",533.0,Cistercians,Bartholomew of Lucy,"Bartolomeo de Luci,Conte di Paternò e Signore di Mineo,Bartholomew of Luci",M,"Count of Paternò and Lord of Mineo,Count of Paternò,Lord of Mineo",the Virgin Mary
Monasteries,Santa Maria di Novara,Saint Mary of Novara,Novara di Sicilia,Messina,Val Demone,"37.99967,15.10418",533.0,Cistercians,Hugo,"Ugo,Abate di Santa Maria di Novara",M,Abbot of Saint Mary of Novara,the Virgin Mary
Monasteries,Santa Maria di Novara,Saint Mary of Novara,Novara di Sicilia,Messina,Val Demone,"37.99967,15.10418",533.0,Cistercians,Mark,"Marco,Abate di Santa Maria di Novara",M,Abbot of Saint Mary of Novara,the Virgin Mary
Monasteries,Santa Maria di Scala,Saint Mary of Scala,Paternò,Catania,Val Demone,"37.56171,14.92123",290.0,Basilians,Stephan,"Stefano,Eremita,Steven",M,Hermit,the Virgin Mary
Monasteries,San Nicolò di Fico,Saint Nicholas of Fico,Raccuja,Messina,Val Demone,"38.04602,14.91619",654.0,Basilians,Roger I of Hauteville,"Gran Conte Ruggero,Roger the Great Count,Conte di Sicilia e di Calabria,Ruggero d'Altavilla",M,"Count of Sicily,Count of Sicily and Calabria",Saint Nicholas
Monasteries,San Michele Arcangelo di Brolo,Saint Michael the Archangel of Brolo,Sant'Angelo di Brolo,Messina,Val Demone,"38.11039,14.88749",398.0,Basilians,Roger I of Hauteville,"Gran Conte Ruggero,Roger the Great Count,Conte di Sicilia e di Calabria,Ruggero d'Altavilla",M,"Count of Sicily,Count of Sicily and Calabria",Saint Michael the Archangel
Monasteries,Santa Maria di Licodia,Saint Mary of Licodia,Santa Maria di Licodia,Catania,Val Demone,"37.61403,14.88368",356.0,Benedictines,Thomasia,,F,Countess of Paternò,the Virgin Mary
Monasteries,Santa Maria di Licodia,Saint Mary of Licodia,Santa Maria di Licodia,Catania,Val Demone,"37.61403,14.88368",356.0,Benedictines,Simon,"Simone,Conte di Butera, Conte di Policastro, Conte di Paternò e Signore di Cerami",M,"Count of Policastro,Count of Paternò,Lord of Cerami,Count of Butera, Count of Policastro, Count of Paternò and Lord of Cerami,Count of Butera",the Virgin Mary
Monasteries,San Michele di Troina,Saint Michael of Troina,Troina,Enna,Val Demone,"37.77347,14.60713",855.0,Basilians,Roger I of Hauteville,"Gran Conte Ruggero,Roger the Great Count,Conte di Sicilia e di Calabria,Ruggero d'Altavilla",M,"Count of Sicily,Count of Sicily and Calabria",Saint Michael the Archangel
Monasteries,Sant'Elia d'Embula,Saint Elias of Embula,Troina,Enna,Val Demone,"37.78340,14.60101",1005.0,Basilians,Roger I of Hauteville,"Gran Conte Ruggero,Roger the Great Count,Conte di Sicilia e di Calabria,Ruggero d'Altavilla",M,"Count of Sicily,Count of Sicily and Calabria",Saint Elias the Prophet
Monasteries,Santa Maria di Pedale,Saint Mary of Pedale,Collesano,Palermo,Val Demone,"37.94210,13.94185",562.0,Benedictines,Adelicia,"Contessa di Adernò, Signora di Collesano, Signora di Polizzi e Signora di Centuripe(?),Adelisia",F,"Lady of Centuripe,Countess of Montescaglioso ,Lady of Polizzi,Countess of Adernò, Countess of Montescaglioso, Lady of Collesano, Lady of Polizzi and Lady of Centuripe(?),Countess of Adernò,Lady of Collesano",the Virgin Mary
Monasteries,San Filippo Magno,Saint Philip the Great,Messina?,Messina,Val Demone?,"38.16549,15.50075",240.0,Basilians,Roger I of Hauteville,"Gran Conte Ruggero,Roger the Great Count,Conte di Sicilia e di Calabria,Ruggero d'Altavilla",M,"Count of Sicily,Count of Sicily and Calabria",Saint Philip the Apostle
Monasteries,Santa Maria di Caccamo,Saint Mary of Caccamo,Caccamo,Palermo,Val di Mazara,"37.93357,13.66808",521.0,Benedictines,Robert,"Roberto Mandaguerra,Robert Mandaguerra,Roberto,Conte d'Eu e Signore di San Filippo d'Argirò",M,"Lord of San Filippo d'Argirò,Count of Eu,Count of Eu and Lord of San Filippo d'Argirò",the Virgin Mary
Monasteries,San Giorgio di Triocala,Saint George of Triocala,Caltabellotta,Agrigento,Val di Mazara,"37.57543,13.21632",949.0,Basilians,Roger I of Hauteville,"Gran Conte Ruggero,Roger the Great Count,Conte di Sicilia e di Calabria,Ruggero d'Altavilla",M,"Count of Sicily,Count of Sicily and Calabria",Saint George
Monasteries,Santa Maria di Monte Maggiore,Saint Mary of Monte Maggiore,Montemaggiore Belsito,Palermo,Val di Mazara,"37.84645,13.76126",537.0,Cluniacs,Bona,,F,,the Virgin Mary
Monasteries,Santa Maria di Monte Maggiore,Saint Mary of Monte Maggiore,Montemaggiore Belsito,Palermo,Val di Mazara,"37.84645,13.76126",537.0,Cluniacs,Rainald of Tusa,"Raynald of Tusa,Rinaldo di Tusa,Rainaldo di Tusa,Giudice Reale",M,Royal Justiciar,the Virgin Mary
Monasteries,San Pietro di Palermo,Saint Peter of Palermo,Palermo,Palermo,Val di Mazara,"38.13205,13.33561",14.0,Augustinian Canons,Walter,"Gualtiero,Gualtiero I,Gualterio I,Gualterio,Arcivescovo di Palermo",M,Archbishop of Palermo,Saint Peter
Monasteries,San Nicola lo Gurguro,Saint Nicholas of Gurguro,Palermo,Palermo,Val di Mazara,"38.13205,13.33561",14.0,Basilians,Theodore of Antioch,"Teodoro di Antiochia,Teodoro d'Antiochia",M,,Saint Nicholas
Monasteries,Santa Maria dell'Ammiraglio,Saint Mary of the Admiral,Palermo,Palermo,Val di Mazara,"38.11477,13.36287",14.0,Basilians,George of Antioch,"Giorgio d'Antiochia,Ammiraglio e Signore di Misilmeri",M,"Admiral,Lord of Misilmeri,Admiral and Lord of Misilmeri",the Virgin Mary
Monasteries,Santa Maria Martorana,Saint Mary Martorana,Palermo,Palermo,Val di Mazara,"38.11483,13.36202",14.0,Benedictines,Geoffrey of Martirano,"Geoffrey of Marturana,Guidice Reale,Goffredo di Marturana,Goffredo di Martirano",M,Royal Justiciar,the Virgin Mary
Monasteries,Santa Maria Martorana,Saint Mary Martorana,Palermo,Palermo,Val di Mazara,"38.11483,13.36202",14.0,Benedictines,Aloysa,,F,,the Virgin Mary
Monasteries,Santissima Maria del Cancelliere,Saint Mary of the Chancellor,Palermo,Palermo,Val di Mazara,"38.11687,13.36065",11.0,Benedictines,Matthew of Ajello,"Matthew of Salerno,Matteo d'Agello,Matthew of Agello,Matteo di Agello,Matteo di Salerno,Cancelliere Reale",M,Royal Chancellor,the Virgin Mary
Monasteries,Santissima Maria del Cancelliere,Saint Mary of the Chancellor,Palermo,Palermo,Val di Mazara,"38.11687,13.36065",11.0,Benedictines,Matthew of Ajello,"Matthew of Salerno,Matteo d'Agello,Matthew of Agello,Matteo di Agello,Matteo di Salerno,Cancelliere Reale",M,Royal Chancellor,the Virgin Mary
Monasteries,Santissima Maria del Cancelliere,Saint Mary of the Chancellor,Palermo,Palermo,Val di Mazara,"38.11687,13.36065",11.0,Benedictines,William II of Hauteville,"Guglielmo il Buono,William the Good,Guglielmo II di Altavilla,Guglielmo II d'Altavilla,Re di Sicilia",M,King of Sicily,the Virgin Mary
Monasteries,Santissima Maria del Cancelliere,Saint Mary of the Chancellor,Palermo,Palermo,Val di Mazara,"38.11687,13.36065",11.0,Benedictines,Margaret of Navarre,"Margherita di Navarra,Margarita of Navarre",F,Queen of Sicily,the Virgin Mary
Monasteries,San Giacomo di Partinico,Saint James of Partinico,Partinico,Palermo,Val di Mazara,"38.04657,13.11785",175.0,Augustinian Canons,Walter,"Gualtiero,Gualtiero I,Gualterio I,Gualterio,Arcivescovo di Palermo",M,Archbishop of Palermo,Saint James (the Great?)
Monasteries,San Michele Arcangelo,Saint Michael the Archangel,Petralia Soprana,Palermo,Val di Mazara,"37.80064,14.10813",1147.0,Benedictines,Rudolf of Belbaco,Rodolfo di Belbaco,M,,Saint Michael the Archangel
Monasteries,San Cristoforo di Prizzi,Saint Christopher of Prizzi,Prizzi,Palermo,Val di Mazara,"37.72088,13.43435",966.0,Cistercians,Matthew Bonell,"Matthew Bonellus,Signore di Caccamo, Signore di Carini, Signore di Mistretta e Signore di Prizzi,Matteo Bonell,Bonnell",M,"Lord of Caccamo, Lord of Carini, Lord of Mistretta and Lord of Prizzi,Lord of Caccamo,Lord of Mistretta,Lord of Carini,Lord of Prizzi",Saint Christopher
Monasteries,Santa Maria di Vicari,Saint Mary of Vicari,Vicari,Palermo,Val di Mazara,"37.82371,13.56889",700.0,Basilians,Roger I of Hauteville,"Gran Conte Ruggero,Roger the Great Count,Conte di Sicilia e di Calabria,Ruggero d'Altavilla",M,"Count of Sicily,Count of Sicily and Calabria",the Virgin Mary
Monasteries,Santa Maria di Vicari,Saint Mary of Vicari,Vicari,Palermo,Val di Mazara,"37.82371,13.56889",700.0,Basilians,Roger I of Hauteville,"Gran Conte Ruggero,Roger the Great Count,Conte di Sicilia e di Calabria,Ruggero d'Altavilla",M,"Count of Sicily,Count of Sicily and Calabria",the Virgin Mary
Monasteries,Santa Sophia di Vicari,Saint Sophia of Vicari,Vicari,Palermo,Val di Mazara,"37.82371,13.56889",700.0,Benedictines,Robert of Milia,,M,,Saint Sophia
Monasteries,Santissima Trinità di Refesio,Holy Trinity of Refesio,Burgio,Agrigento,Val di Mazara,"37.60819,13.34385",739.0,Cistercians,Ansaldus,"Castellano Reale,Ansaldo",M,Royal Castellan,the Holy Trinity
Monasteries,Santo Spirito a Caltanissetta,Holy Spirit at Caltanissetta,Caltanissetta,Caltanissetta,Val di Mazara,"37.50630,14.07624",579.0,Augustinian Canons,Adelasia del Vasto,Adelaide del Vasto,F,"Countess of Sicily,Queen of Jerusalem",the Holy Spirit
Monasteries,Santa Maria della Grotta,Saint Mary of the Grotto,Marsala,Trapani,Val di Mazara,"37.79919,12.44246",17.0,Basilians,Christodoulos,"Abd al-Rahmān al-Nasrānī,Ammiraglio,Christoforus,Christodulus,Cristodulo,'Abd Allāh",M,Admiral,the Virgin Mary
Monasteries,Santa Maria della Grotta,Saint Mary of the Grotto,Marsala,Trapani,Val di Mazara,"37.79919,12.44246",17.0,Basilians,Adelasia del Vasto,Adelaide del Vasto,F,"Countess of Sicily,Queen of Jerusalem",the Virgin Mary
Monasteries,Santa Maria della Grotta,Saint Mary of the Grotto,Marsala,Trapani,Val di Mazara,"37.79919,12.44246",17.0,Basilians,Roger II of Hauteville,"Ruggero II d'Altavilla,Ruggero II di Altavilla,Conte di Sicilia, Conte di Calabria, Duca di Puglia, Duca di Calabria, Duca di Sicilia, Re di Sicilia e dell'Italia Meridionale",M,"Duke of Apulia, Calabria and Sicily,King of Sicily and Southern Italy ,Count of Sicily and Calabria, Duke of Apulia, Calabria and Sicily and King of Sicily and Southern Italy ,Becomes Duke of Apulia (and now known as Prince of Salerno as well as Duke of Apulia, Calabria and Sicily),Count of Sicily and Calabria,Invested with Kingdom of Sicily by Pope Innocent II.",the Virgin Mary
Monasteries,Santa Maria delle Giummare,Saint Mary delle Giummare,Mazara del Vallo,Trapani,Val di Mazara,"37.65160,12.61308",32.0,Basilians,Judith of Hauteville,"Giulietta di Altavilla,Giulia di Altavilla,Contessa di Sciacca,Giulia d'Altavilla,Giulietta d'Altavilla,Juliet of Hauteville,Julia of Hauteville,Giuditta d'Altavilla,Giudittta di Altavilla",F,Countess of Sciacca,the Virgin Mary
Monasteries,Santa Maria La Nuova,Saint Mary Nuova,Monreale,Palermo,Val di Mazara,"38.08202,13.29215",299.0,Cluniacs,William II of Hauteville,"Guglielmo il Buono,William the Good,Guglielmo II di Altavilla,Guglielmo II d'Altavilla,Re di Sicilia",M,King of Sicily,the Virgin Mary
Monasteries,Santa Maria di Adriano,Saint Mary of Adriano,Palazzo Adriano,Palermo,Val di Mazara,"37.64433,13.32562",583.0,Benedictines,William I of Hauteville,"Guglielmo I di Altavilla,Guglielmo I d'Altavilla,Re di Sicilia,Guglielmo il Malo,William the Bad",M,King of Sicily,the Virgin Mary
Monasteries,San Giovanni degli Eremiti,Saint John of the Hermits,Palermo,Palermo,Val di Mazara,"38.10953,13.35478",25.0,Benedictines,Roger II of Hauteville,"Ruggero II d'Altavilla,Ruggero II di Altavilla,Conte di Sicilia, Conte di Calabria, Duca di Puglia, Duca di Calabria, Duca di Sicilia, Re di Sicilia e dell'Italia Meridionale",M,"Duke of Apulia, Calabria and Sicily,King of Sicily and Southern Italy ,Count of Sicily and Calabria, Duke of Apulia, Calabria and Sicily and King of Sicily and Southern Italy ,Becomes Duke of Apulia (and now known as Prince of Salerno as well as Duke of Apulia, Calabria and Sicily),Count of Sicily and Calabria,Invested with Kingdom of Sicily by Pope Innocent II.",Saint John the Evangelist
Monasteries,Santissima Trinità del Cancelliere,Holy Trinity of the Chancellor,Palermo,Palermo,Val di Mazara,"38.11363,13.36887",10.0,Cistercians,Matthew of Ajello,"Matthew of Salerno,Matteo d'Agello,Matthew of Agello,Matteo di Agello,Matteo di Salerno,Cancelliere Reale",M,Royal Chancellor,the Holy Trinity
Monasteries,Santo Spirito di Palermo,Holy Spirit of Palermo,Palermo,Palermo,Val di Mazara,"38.09974,13.36290",32.0,Cistercians,Walter Offamil,"Gualtiero Offamilio,Walter of the Mill,Gualterio Offamilio,Arcivescovo di Palermo,Gualterio II,Walter II,Gualtiero II",M,Archbishop of Palermo,the Holy Spirit
Monasteries,L'Ospedale di Tutti i Santi di Palermo,Hospital of All Saints of Palermo,Palermo,Palermo,Val di Mazara,"38.11616,13.35605",14.0,Hospitallers of Saint John of Jerusalem,Matthew of Ajello,"Matthew of Salerno,Matteo d'Agello,Matthew of Agello,Matteo di Agello,Matteo di Salerno,Cancelliere Reale",M,Royal Chancellor,All Saints
Monasteries,Sant'Angelo di Prizzi,Saint Angel of Prizzi,Prizzi,Palermo,Val di Mazara,"37.71523,13.43166",966.0,Cistercians,Matthew Bonell,"Matthew Bonellus,Signore di Caccamo, Signore di Carini, Signore di Mistretta e Signore di Prizzi,Matteo Bonell,Bonnell",M,"Lord of Caccamo, Lord of Carini, Lord of Mistretta and Lord of Prizzi,Lord of Caccamo,Lord of Mistretta,Lord of Carini,Lord of Prizzi",Saint Michael the Archangel
Monasteries,Sant'Angelo di Prizzi,Saint Angel of Prizzi,Prizzi,Palermo,Val di Mazara,"37.71523,13.43166",966.0,Cistercians,Matthew Bonell,"Matthew Bonellus,Signore di Caccamo, Signore di Carini, Signore di Mistretta e Signore di Prizzi,Matteo Bonell,Bonnell",M,"Lord of Caccamo, Lord of Carini, Lord of Mistretta and Lord of Prizzi,Lord of Caccamo,Lord of Mistretta,Lord of Carini,Lord of Prizzi",Saint Michael the Archangel
Monasteries,Santa Maria delle Giummare,Saint Mary of Jummarriis,Sciacca,Agrigento,Val di Mazara,"37.50727,13.08785",82.0,Cluniacs,Judith of Hauteville,"Giulietta di Altavilla,Giulia di Altavilla,Contessa di Sciacca,Giulia d'Altavilla,Giulietta d'Altavilla,Juliet of Hauteville,Julia of Hauteville,Giuditta d'Altavilla,Giudittta di Altavilla",F,Countess of Sciacca,the Virgin Mary
Monasteries,Santa Maria di Castronuovo,Saint Mary of Castronuovo,Castronovo di Sicilia?,Palermo?,Val di Mazara?,"37.67894,13.60346",677.0,Augustinian Canons,Arnulf,Arnolfo,M,,the Virgin Mary
Monasteries,Santo Stefano di Castronuovo,Saint Stephen of Castronuovo,Castronovo di Sicilia?,Palermo?,Val di Mazara?,"37.67894,13.60346",677.0,Augustinian Canons,Aymo of Milazzo,"Gaimo,Aimo di Milazzo",M,,Saint Stephen the Protomartyr
Monasteries,Santo Spirito di Buscemi,Holy Spirit of Buscemi,Buscemi,Syracuse,Val di Noto,"37.08604,14.88499",761.0,Benedictines,Stephana,"Alfana,Stefania,Alphana",F,Countess of Marsico,the Holy Spirit
Monasteries,Santo Spirito di Buscemi,Holy Spirit of Buscemi,Buscemi,Syracuse,Val di Noto,"37.08604,14.88499",761.0,Benedictines,William,"Guglielmo,Conte di Marsico e Signore di Ragusa",M,"Count of Marsico and Lord of Ragusa,Lord of Ragusa,Count of Marsico",the Holy Spirit
Monasteries,San Giovanni di Murgo,Saint John of Murgo,Lentini,Syracuse,Val di Noto,"37.28556,14.99737",53.0,Basilians,Tancred,"Signore di Tiberia, Principe di Galilea e Principe di Antiochia,Tancredi,Signore di Tiberia, Principe di Galilea e Principe di Antiochia",M,"Lord of Tiberias,Prince of Galilee,Lord of Tiberias, Prince of Galilee and Prince of Antioch,Prince of Antioch",Saint John (the Baptist?)
Monasteries,Santa Lucia di Noto,Saint Lucy of Noto,Noto,Syracuse,Val di Noto,"36.89244,15.06977",152.0,Augustinian Canons,Manfred of Sicla,Manfredi di Sicla,M,,Saint Lucy
Monasteries,Santa Lucia di Noto,Saint Lucy of Noto,Noto,Syracuse,Val di Noto,"36.89244,15.06977",152.0,Augustinian Canons,Roger,"Ruggero,Vescovo di Siracusa",M,Bishop of Syracuse,Saint Lucy
Monasteries,Santa Lucia di Noto,Saint Lucy of Noto,Noto,Syracuse,Val di Noto,"36.89244,15.06977",152.0,Augustinian Canons,Baldwin of Noto,"Baldovino di Noto,Balduino di Noto",M,,Saint Lucy
Monasteries,Santa Lucia di Noto,Saint Lucy of Noto,Noto,Syracuse,Val di Noto,"36.89244,15.06977",152.0,Augustinian Canons,Attardus Caputasini,,M,,Saint Lucy
Monasteries,Santa Lucia di Noto,Saint Lucy of Noto,Noto,Syracuse,Val di Noto,"36.89244,15.06977",152.0,Augustinian Canons,William Turcus,Guglielmo Turcus,M,,Saint Lucy
Monasteries,Santa Lucia di Noto,Saint Lucy of Noto,Noto,Syracuse,Val di Noto,"36.89244,15.06977",152.0,Augustinian Canons,William,"Guglielmo,Diacono e dopo Vescovo di Siracusa",M,Deacon and then Bishop of Syracuse,Saint Lucy
Monasteries,Santa Lucia di Noto,Saint Lucy of Noto,Noto,Syracuse,Val di Noto,"36.89244,15.06977",152.0,Augustinian Canons,Robert,Roberto,M,,Saint Lucy
Monasteries,Santa Lucia di Noto,Saint Lucy of Noto,Noto,Syracuse,Val di Noto,"36.89244,15.06977",152.0,Augustinian Canons,Geoffrey Ridell,Goffredo Ridell,M,,Saint Lucy
Monasteries,Santa Lucia di Noto,Saint Lucy of Noto,Noto,Syracuse,Val di Noto,"36.89244,15.06977",152.0,Augustinian Canons,Roger I of Hauteville,"Gran Conte Ruggero,Roger the Great Count,Conte di Sicilia e di Calabria,Ruggero d'Altavilla",M,"Count of Sicily,Count of Sicily and Calabria",Saint Lucy
Monasteries,Santa Croce di Rasacambri,Holy Cross of Rasacambri,Ragusa,Ragusa,Val di Noto,"36.92574,14.72443",502.0,Benedictines,Sylvester,"Conte di Marsico,Silvestro di Altavilla,Silvestro d'Altavilla",M,Count of Marsico,the Holy Cross
Monasteries,Sconosciuto,Unknown,Scordia,Catania,Val di Noto,"37.29548,14.84058",150.0,Poor Knights of Christ and of the Temple of Solomon (Templars),Beatrix,Beatrice,F,,
Monasteries,Sconosciuto,Unknown,Scordia,Catania,Val di Noto,"37.29548,14.84058",150.0,Poor Knights of Christ and of the Temple of Solomon (Templars),Geoffrey Oliveri,Goffredo Oliveri,M,,
Monasteries,Sconosciuto,Unknown,Scordia,Catania,Val di Noto,"37.29548,14.84058",150.0,Poor Knights of Christ and of the Temple of Solomon (Templars),Geoffrey of Campiniaco,"Maestro dei Cavalieri Templari della Sicilia,Goffredo di Campiniaco",M,Master of the Knights Templar in Sicily,
Monasteries,Sconosciuto,Unknown,Scordia,Catania,Val di Noto,"37.29548,14.84058",150.0,Poor Knights of Christ and of the Temple of Solomon (Templars),Willelmus de Sancto Paulo,"Maestro dei Cavalieri Templari della Sicilia,William of Saint Paul,Guglielmo di Santo Paolo,Guglielmo de Sancto Paulo",M,Master of the Knights Templar in Sicily,
Monasteries,Sconosciuto,Unknown,Scordia,Catania,Val di Noto,"37.29548,14.84058",150.0,Poor Knights of Christ and of the Temple of Solomon (Templars),Henry of Bugli,"Enrico di Bugli,Enrico di Bubly,Henry of Bubly,Henry of Bubli,Enrico di Bubli",M,,
Monasteries,Sconosciuto,Unknown,Scordia,Catania,Val di Noto,"37.29548,14.84058",150.0,Poor Knights of Christ and of the Temple of Solomon (Templars),Henry of Bugli,"Enrico di Bugli,Enrico di Bubly,Henry of Bubly,Henry of Bubli,Enrico di Bubli",M,,
Monasteries,San Filippo d'Agira,Saint Philip of Agira,Agira,Enna,Val di Noto,"37.65711,14.51867",611.0,Benedictines,Roger I of Hauteville,"Gran Conte Ruggero,Roger the Great Count,Conte di Sicilia e di Calabria,Ruggero d'Altavilla",M,"Count of Sicily,Count of Sicily and Calabria",Saint Philip the Apostle
Monasteries,Sant'Andrea di Piazza Amerina,Saint Andrew of Piazza Armerina,Piazza Armerina,Enna,Val di Noto,"37.39247,14.36232",655.0,Augustinian Canons,Thomasia,,F,Countess of Paternò,Saint Andrew
Monasteries,Sant'Andrea di Piazza Amerina,Saint Andrew of Piazza Armerina,Piazza Armerina,Enna,Val di Noto,"37.39247,14.36232",655.0,Augustinian Canons,Simon,"Simone,Conte di Butera, Conte di Policastro, Conte di Paternò e Signore di Cerami",M,"Count of Policastro,Count of Paternò,Lord of Cerami,Count of Butera, Count of Policastro, Count of Paternò and Lord of Cerami,Count of Butera",Saint Andrew
Monasteries,Santa Maria delle Valle di Giosafat,Saint Mary in the Valley of Jehosaphat,,,,"31.78000,35.23972",705.0,Benedictines,Godfrey IV of Boulogne,"Goffredo IV di Boulogne,Goffredo IV di Buglione,Geoffrey of Bouillon,Godfrey IV of Bouillon,Duca di Bassa Lorena",M,"Duke of Lower Lorraine,Duke of Lower Lorraine (Godfrey IV)",the Virgin Mary
Monasteries,Santa Maria e i Dodici Apostoli,Saint Mary and the Twelve Apostles,,,,"38.28712,15.80529",50.0,Augustinian Canons,Aymo of Milazzo,"Gaimo,Aimo di Milazzo",M,,the Virgin Mary and the Twelve Apostles
Monasteries,Santa Maria e i Dodici Apostoli,Saint Mary and the Twelve Apostles,,,,"38.28712,15.80529",50.0,Augustinian Canons,Daniel,"Priore di Santa Maria e i Dodici Apostoli, Bagnara,Daniele",M,"Prior of St. Mary and the Twelve Apostles, Bagnara",the Virgin Mary and the Twelve Apostles
Monasteries,Santa Maria e i Dodici Apostoli,Saint Mary and the Twelve Apostles,,,,"38.28712,15.80529",50.0,Augustinian Canons,Arnulf,Arnolfo,M,,the Virgin Mary and the Twelve Apostles
Monasteries,Santa Maria e i Dodici Apostoli,Saint Mary and the Twelve Apostles,,,,"38.28712,15.80529",50.0,Augustinian Canons,Jocelmus,"Priore di Santa Maria e i Dodici Apostoli (Bagnara) e, dopo, Vescovo della Cattedrale del Santissimo Salvatore e Santi Pietro e Paolo (Cefalù),Gizelmus",M,"Prior or St. Mary and the Twelve Apostles (Bagnara) and, Later, Bishop of the Cathedral of the Most Holy Savior and Saints Peter and Paul (Cefalù)",the Virgin Mary and the Twelve Apostles
Monasteries,Santa Maria e i Dodici Apostoli,Saint Mary and the Twelve Apostles,,,,"38.28712,15.80529",50.0,Augustinian Canons,Roger I of Hauteville,"Gran Conte Ruggero,Roger the Great Count,Conte di Sicilia e di Calabria,Ruggero d'Altavilla",M,"Count of Sicily,Count of Sicily and Calabria",the Virgin Mary and the Twelve Apostles
Monasteries,Madonna di Monte Sion,Our Lady of Mount Sion,,,,"31.77170,35.22904",773.0,Augustinian Canons,Godfrey IV of Boulogne,"Goffredo IV di Boulogne,Goffredo IV di Buglione,Geoffrey of Bouillon,Godfrey IV of Bouillon,Duca di Bassa Lorena",M,"Duke of Lower Lorraine,Duke of Lower Lorraine (Godfrey IV)",the Virgin Mary
Monasteries,Sant'Eufemia,Saint Euphemia,,,,"38.93406,16.23449",28.0,Benedictines,Robert of Hauteville,"Roberto Guiscardo,Robert Guiscard,Duca di Puglia, Duca di Calabria e Duca di Sicilia,Roberto di Altavilla,Roberto d'Altavilla",M,"Count of Apulia,Duke of Apulia, Calabria and Sicily",Saint Euphemia
Monasteries,Santa Maria di Montevergine,Santa Maria of Montevergine,,,,"40.93572,14.72824",1277.0,Benedictines,William of Vercelli,"Guglielmo di Vercelli,Eremita e Santo,William of Montevergine,Guglielmo di Montevergine",M,Hermit and Saint,the Virgin Mary
Monasteries,Santissima Trinità di San Michele Arcangelo di Mileto,Holy Trinity and Saint Michael the Archangel of Mileto,,,,"38.59216,16.07918",272.0,Benedictines,Roger I of Hauteville,"Gran Conte Ruggero,Roger the Great Count,Conte di Sicilia e di Calabria,Ruggero d'Altavilla",M,"Count of Sicily,Count of Sicily and Calabria",Saint Michael the Archangel then the Holy Trinity
Monasteries,Cluny,Cluny,,,,"46.43432,4.65926",240.0,Cluniacs,William,"Duca d'Aquitania e Conte di Mâcon,Guglielmo,William the Pious,Duca di Aquitania e Conte di Mâcon,Guglielmo il Pio",M,Duke of Aquitaine and Count of Mâcon,the Virgin Mary
Monasteries,Santissima Trinità della Cava,Holy Trinity at Cava,,,,"40.68194,14.69111",347.0,Cluniacs,Alferius,"Alferio,Ciambellano Ducale",M,Ducal Chamberlain,the Holy Trinity
Palaces,Il Palazzo Reale,Royal Palace,Randazzo,Catania,Val Demone,"37.87772,14.94357",763.0,,Joanna,"Giovanna,Joan",F,"Queen of Sicily,Countess of Toulouse",
Palaces,Il Palazzo Reale,Royal Palace,Messina,Messina,Val Demone,"38.18808,15.55838",2.0,,Roger II of Hauteville,"Ruggero II d'Altavilla,Ruggero II di Altavilla,Conte di Sicilia, Conte di Calabria, Duca di Puglia, Duca di Calabria, Duca di Sicilia, Re di Sicilia e dell'Italia Meridionale",M,"Duke of Apulia, Calabria and Sicily,King of Sicily and Southern Italy ,Count of Sicily and Calabria, Duke of Apulia, Calabria and Sicily and King of Sicily and Southern Italy ,Becomes Duke of Apulia (and now known as Prince of Salerno as well as Duke of Apulia, Calabria and Sicily),Count of Sicily and Calabria,Invested with Kingdom of Sicily by Pope Innocent II.",
Palaces,Il Palazzo Reale,Royal Palace,Monreale,Palermo,Val di Mazara,"38.08247,13.29226",300.0,,William II of Hauteville,"Guglielmo il Buono,William the Good,Guglielmo II di Altavilla,Guglielmo II d'Altavilla,Re di Sicilia",M,King of Sicily,
Palaces,Il Castello di Maredolce,Maredolce Castle,Palermo,Palermo,Val di Mazara,"38.09236,13.38717",27.0,,Roger II of Hauteville,"Ruggero II d'Altavilla,Ruggero II di Altavilla,Conte di Sicilia, Conte di Calabria, Duca di Puglia, Duca di Calabria, Duca di Sicilia, Re di Sicilia e dell'Italia Meridionale",M,"Duke of Apulia, Calabria and Sicily,King of Sicily and Southern Italy ,Count of Sicily and Calabria, Duke of Apulia, Calabria and Sicily and King of Sicily and Southern Italy ,Becomes Duke of Apulia (and now known as Prince of Salerno as well as Duke of Apulia, Calabria and Sicily),Count of Sicily and Calabria,Invested with Kingdom of Sicily by Pope Innocent II.",
Palaces,La Casa Martorana,Martorana House,Palermo,Palermo,Val di Mazara,"38.11441,13.36229",14.0,,Geoffrey of Martirano,"Geoffrey of Marturana,Guidice Reale,Goffredo di Marturana,Goffredo di Martirano",M,Royal Justiciar,
Palaces,La Casa Martorana,Martorana House,Palermo,Palermo,Val di Mazara,"38.11441,13.36229",14.0,,Aloysa,,F,,
Palaces,La Casa Martorana,Martorana House,Palermo,Palermo,Val di Mazara,"38.11441,13.36229",14.0,,Adelicia,"Contessa di Adernò, Signora di Collesano, Signora di Polizzi e Signora di Centuripe(?),Adelisia",F,"Lady of Centuripe,Countess of Montescaglioso ,Lady of Polizzi,Countess of Adernò, Countess of Montescaglioso, Lady of Collesano, Lady of Polizzi and Lady of Centuripe(?),Countess of Adernò,Lady of Collesano",
Palaces,La Cuba,,Palermo,Palermo,Val di Mazara,"38.10763,13.34262",48.0,,William II of Hauteville,"Guglielmo il Buono,William the Good,Guglielmo II di Altavilla,Guglielmo II d'Altavilla,Re di Sicilia",M,King of Sicily,
Palaces,La Zisa,Zisa Palace,Palermo,Palermo,Val di Mazara,"38.11678,13.34116",44.0,,William I of Hauteville,"Guglielmo I di Altavilla,Guglielmo I d'Altavilla,Re di Sicilia,Guglielmo il Malo,William the Bad",M,King of Sicily,
Palaces,La Zisa,Zisa Palace,Palermo,Palermo,Val di Mazara,"38.11678,13.34116",44.0,,William II of Hauteville,"Guglielmo il Buono,William the Good,Guglielmo II di Altavilla,Guglielmo II d'Altavilla,Re di Sicilia",M,King of Sicily,
Palaces,Il Palazzo del Parco,Palace at Parco,Altofonte,Palermo,Val di Mazara,"38.04529,13.29899",349.0,,Roger II of Hauteville,"Ruggero II d'Altavilla,Ruggero II di Altavilla,Conte di Sicilia, Conte di Calabria, Duca di Puglia, Duca di Calabria, Duca di Sicilia, Re di Sicilia e dell'Italia Meridionale",M,"Duke of Apulia, Calabria and Sicily,King of Sicily and Southern Italy ,Count of Sicily and Calabria, Duke of Apulia, Calabria and Sicily and King of Sicily and Southern Italy ,Becomes Duke of Apulia (and now known as Prince of Salerno as well as Duke of Apulia, Calabria and Sicily),Count of Sicily and Calabria,Invested with Kingdom of Sicily by Pope Innocent II.",
Palaces,Il Palazzo Reale,Royal Palace,Palermo,Palermo,Val di Mazara,"38.11134,13.35323",35.0,,Roger II of Hauteville,"Ruggero II d'Altavilla,Ruggero II di Altavilla,Conte di Sicilia, Conte di Calabria, Duca di Puglia, Duca di Calabria, Duca di Sicilia, Re di Sicilia e dell'Italia Meridionale",M,"Duke of Apulia, Calabria and Sicily,King of Sicily and Southern Italy ,Count of Sicily and Calabria, Duke of Apulia, Calabria and Sicily and King of Sicily and Southern Italy ,Becomes Duke of Apulia (and now known as Prince of Salerno as well as Duke of Apulia, Calabria and Sicily),Count of Sicily and Calabria,Invested with Kingdom of Sicily by Pope Innocent II.",
Parks,La Favara,,Palermo,Palermo,Val di Mazara,"38.09118,13.38898",29.0,,Roger II of Hauteville,"Ruggero II d'Altavilla,Ruggero II di Altavilla,Conte di Sicilia, Conte di Calabria, Duca di Puglia, Duca di Calabria, Duca di Sicilia, Re di Sicilia e dell'Italia Meridionale",M,"Duke of Apulia, Calabria and Sicily,King of Sicily and Southern Italy ,Count of Sicily and Calabria, Duke of Apulia, Calabria and Sicily and King of Sicily and Southern Italy ,Becomes Duke of Apulia (and now known as Prince of Salerno as well as Duke of Apulia, Calabria and Sicily),Count of Sicily and Calabria,Invested with Kingdom of Sicily by Pope Innocent II.",
Parks,Il Parco,,Altofonte,Palermo,Val di Mazara,"38.04298, 3.29434",350.0,,Roger II of Hauteville,"Ruggero II d'Altavilla,Ruggero II di Altavilla,Conte di Sicilia, Conte di Calabria, Duca di Puglia, Duca di Calabria, Duca di Sicilia, Re di Sicilia e dell'Italia Meridionale",M,"Duke of Apulia, Calabria and Sicily,King of Sicily and Southern Italy ,Count of Sicily and Calabria, Duke of Apulia, Calabria and Sicily and King of Sicily and Southern Italy ,Becomes Duke of Apulia (and now known as Prince of Salerno as well as Duke of Apulia, Calabria and Sicily),Count of Sicily and Calabria,Invested with Kingdom of Sicily by Pope Innocent II.",
